datetime,value
1/1/2014 23:00,620107.7
1/2/2014 23:00,659865.2
1/3/2014 23:00,632536.8
1/4/2014 23:00,610251.7
1/5/2014 23:00,572534.1
1/6/2014 23:00,695639.1
1/7/2014 23:00,706449.4
1/8/2014 23:00,690826.9
1/9/2014 23:00,679167.8
1/10/2014 23:00,623223.8
1/11/2014 23:00,605764
1/12/2014 23:00,686722.4
1/13/2014 23:00,720772.8
1/14/2014 23:00,720478.2
1/15/2014 23:00,720680.9
1/16/2014 23:00,711405.3
1/17/2014 23:00,646256.3
1/18/2014 23:00,617015.7
1/19/2014 23:00,705159.4
1/20/2014 23:00,723256.1
1/21/2014 23:00,721350.7
1/22/2014 23:00,715717.6
1/23/2014 23:00,695857.2
1/24/2014 23:00,649147
1/25/2014 23:00,617790.9
1/26/2014 23:00,705275.4
1/27/2014 23:00,731188.6
1/28/2014 23:00,717592
1/29/2014 23:00,732972.4
1/30/2014 23:00,723374.2
1/31/2014 23:00,659033.1
2/1/2014 23:00,615641.4
2/2/2014 23:00,714625.6
2/3/2014 23:00,737985.1
2/4/2014 23:00,745899.9
2/5/2014 23:00,734933.5
2/6/2014 23:00,724525.2
2/7/2014 23:00,678370.6
2/8/2014 23:00,636377.4
2/9/2014 23:00,735032.6
2/10/2014 23:00,733738.9
2/11/2014 23:00,724483.8
2/12/2014 23:00,728141.7
2/13/2014 23:00,718545.6
2/14/2014 23:00,650288.5
2/15/2014 23:00,606214.3
2/16/2014 23:00,695338.9
2/17/2014 23:00,704619.5
2/18/2014 23:00,709134.9
2/19/2014 23:00,718318.3
2/20/2014 23:00,704032.8
2/21/2014 23:00,609064.8
2/22/2014 23:00,614258.3
2/23/2014 23:00,687451.9
2/24/2014 23:00,715736.9
2/25/2014 23:00,698719.5
2/26/2014 23:00,682615.4
2/27/2014 23:00,688477.3
2/28/2014 23:00,623826.1
3/1/2014 23:00,598826.9
3/2/2014 23:00,708156.9
3/3/2014 23:00,720784.9
3/4/2014 23:00,698624.5
3/5/2014 23:00,681712.3
3/6/2014 23:00,661594.3
3/7/2014 23:00,615142.4
3/8/2014 23:00,582936.3
3/9/2014 23:00,670582.9
3/10/2014 23:00,677684.5
3/11/2014 23:00,672762.5
3/12/2014 23:00,659975
3/13/2014 23:00,654450.6
3/14/2014 23:00,599835.4
3/15/2014 23:00,570472.5
3/16/2014 23:00,650063.2
3/17/2014 23:00,668712.2
3/18/2014 23:00,635286.9
3/19/2014 23:00,644650.8
3/20/2014 23:00,633165.6
3/21/2014 23:00,605601.2
3/22/2014 23:00,562876.2
3/23/2014 23:00,665579.4
3/24/2014 23:00,694605
3/25/2014 23:00,690932
3/26/2014 23:00,667971.5
3/27/2014 23:00,668574.1
3/28/2014 23:00,618435.7
3/29/2014 23:00,542883.8
3/30/2014 22:00,652974.6
3/31/2014 22:00,665124.5
4/1/2014 22:00,653093.8
4/2/2014 22:00,654310.3
4/3/2014 22:00,651746.7
4/4/2014 22:00,606456.6
4/5/2014 22:00,550330.9
4/6/2014 22:00,638117.3
4/7/2014 22:00,634316
4/8/2014 22:00,630156.8
4/9/2014 22:00,614623.2
4/10/2014 22:00,615731.7
4/11/2014 22:00,585664.5
4/12/2014 22:00,546228.3
4/13/2014 22:00,603321.5
4/14/2014 22:00,606023.8
4/15/2014 22:00,583326.6
4/16/2014 22:00,508530.7
4/17/2014 22:00,493952.9
4/18/2014 22:00,509982.8
4/19/2014 22:00,493489.3
4/20/2014 22:00,519369.1
4/21/2014 22:00,599852.2
4/22/2014 22:00,609543.7
4/23/2014 22:00,626776
4/24/2014 22:00,632210.4
4/25/2014 22:00,587700.3
4/26/2014 22:00,535699.2
4/27/2014 22:00,617452.7
4/28/2014 22:00,617857.7
4/29/2014 22:00,598962.7
4/30/2014 22:00,508350
5/1/2014 22:00,535445
5/2/2014 22:00,553572.7
5/3/2014 22:00,521703.2
5/4/2014 22:00,609786.3
5/5/2014 22:00,629316.8
5/6/2014 22:00,627304.7
5/7/2014 22:00,636733.8
5/8/2014 22:00,650400.5
5/9/2014 22:00,577750.8
5/10/2014 22:00,534583.1
5/11/2014 22:00,621987.4
5/12/2014 22:00,626000.6
5/13/2014 22:00,645494.8
5/14/2014 22:00,624880.7
5/15/2014 22:00,637887.6
5/16/2014 22:00,580929.7
5/17/2014 22:00,520324.6
5/18/2014 22:00,621492
5/19/2014 22:00,626708.1
5/20/2014 22:00,631872.5
5/21/2014 22:00,634056.2
5/22/2014 22:00,623916.2
5/23/2014 22:00,560158.3
5/24/2014 22:00,522308.6
5/25/2014 22:00,616991.7
5/26/2014 22:00,623803.4
5/27/2014 22:00,637719.6
5/28/2014 22:00,629554.8
5/29/2014 22:00,635732
5/30/2014 22:00,563134.8
5/31/2014 22:00,511131.1
6/1/2014 22:00,620796.4
6/2/2014 22:00,631061.9
6/3/2014 22:00,646686.2
6/4/2014 22:00,648555.5
6/5/2014 22:00,637484.2
6/6/2014 22:00,570041.8
6/7/2014 22:00,525051.7
6/8/2014 22:00,628185.2
6/9/2014 22:00,653754.1
6/10/2014 22:00,659991.9
6/11/2014 22:00,670558.8
6/12/2014 22:00,673320.2
6/13/2014 22:00,592221.3
6/14/2014 22:00,557301.2
6/15/2014 22:00,641754.8
6/16/2014 22:00,674973.9
6/17/2014 22:00,681078.2
6/18/2014 22:00,655612.4
6/19/2014 22:00,661351.2
6/20/2014 22:00,598511.9
6/21/2014 22:00,538307.3
6/22/2014 22:00,625965.2
6/23/2014 22:00,626326.1
6/24/2014 22:00,661603.6
6/25/2014 22:00,654144.7
6/26/2014 22:00,644172
6/27/2014 22:00,598838.4
6/28/2014 22:00,531900.4
6/29/2014 22:00,636979.3
6/30/2014 22:00,672642.8
7/1/2014 22:00,667208.1
7/2/2014 22:00,666759.5
7/3/2014 22:00,671981.5
7/4/2014 22:00,586115.8
7/5/2014 22:00,539128.9
7/6/2014 22:00,649197.3
7/7/2014 22:00,666634.3
7/8/2014 22:00,657581.2
7/9/2014 22:00,656023.7
7/10/2014 22:00,627960.7
7/11/2014 22:00,595575.4
7/12/2014 22:00,542464.6
7/13/2014 22:00,661718
7/14/2014 22:00,688944.2
7/15/2014 22:00,705879.7
7/16/2014 22:00,700371.7
7/17/2014 22:00,704714.4
7/18/2014 22:00,605092.4
7/19/2014 22:00,540793.4
7/20/2014 22:00,665508.2
7/21/2014 22:00,695266.5
7/22/2014 22:00,699725.7
7/23/2014 22:00,695078.7
7/24/2014 22:00,670547.4
7/25/2014 22:00,600227.4
7/26/2014 22:00,542227.7
7/27/2014 22:00,660668.7
7/28/2014 22:00,668354.2
7/29/2014 22:00,665745.3
7/30/2014 22:00,660369.8
7/31/2014 22:00,657481.2
8/1/2014 22:00,576983.5
8/2/2014 22:00,514871
8/3/2014 22:00,619778.8
8/4/2014 22:00,637712.2
8/5/2014 22:00,645065
8/6/2014 22:00,642191.8
8/7/2014 22:00,642809.7
8/8/2014 22:00,576267.9
8/9/2014 22:00,513470.1
8/10/2014 22:00,611727.9
8/11/2014 22:00,628602.1
8/12/2014 22:00,633069
8/13/2014 22:00,619160.8
8/14/2014 22:00,533863.3
8/15/2014 22:00,538999.1
8/16/2014 22:00,506062.3
8/17/2014 22:00,625329.9
8/18/2014 22:00,647758.6
8/19/2014 22:00,640400
8/20/2014 22:00,633112.5
8/21/2014 22:00,622386.7
8/22/2014 22:00,558372.3
8/23/2014 22:00,517882.2
8/24/2014 22:00,656158
8/25/2014 22:00,666491.9
8/26/2014 22:00,672412.4
8/27/2014 22:00,673589.9
8/28/2014 22:00,679284.1
8/29/2014 22:00,602248.6
8/30/2014 22:00,563413.8
8/31/2014 22:00,675697.4
9/1/2014 22:00,689895.3
9/2/2014 22:00,704152.9
9/3/2014 22:00,716448
9/4/2014 22:00,700520.3
9/5/2014 22:00,619745.1
9/6/2014 22:00,582223.9
9/7/2014 22:00,675376.7
9/8/2014 22:00,697431
9/9/2014 22:00,692303
9/10/2014 22:00,662311.9
9/11/2014 22:00,682582.2
9/12/2014 22:00,619501
9/13/2014 22:00,584251.5
9/14/2014 22:00,675374.7
9/15/2014 22:00,691269.2
9/16/2014 22:00,689784.2
9/17/2014 22:00,682728.5
9/18/2014 22:00,673918.3
9/19/2014 22:00,593602
9/20/2014 22:00,550328.4
9/21/2014 22:00,648660.5
9/22/2014 22:00,669556.7
9/23/2014 22:00,661923.5
9/24/2014 22:00,656113.4
9/25/2014 22:00,638181.8
9/26/2014 22:00,587212
9/27/2014 22:00,533322.8
9/28/2014 22:00,626558.6
9/29/2014 22:00,649595.5
9/30/2014 22:00,670372
10/1/2014 22:00,665717.8
10/2/2014 22:00,655866
10/3/2014 22:00,597043.4
10/4/2014 22:00,546801.7
10/5/2014 22:00,646342.7
10/6/2014 22:00,658603.9
10/7/2014 22:00,675096.3
10/8/2014 22:00,643970
10/9/2014 22:00,636091.5
10/10/2014 22:00,584739.4
10/11/2014 22:00,514007.7
10/12/2014 22:00,595905
10/13/2014 22:00,633869
10/14/2014 22:00,646067.3
10/15/2014 22:00,625913.2
10/16/2014 22:00,624077.7
10/17/2014 22:00,569648.3
10/18/2014 22:00,522811.9
10/19/2014 22:00,631530.6
10/20/2014 22:00,651547.9
10/21/2014 22:00,656908.1
10/22/2014 22:00,654706.6
10/23/2014 22:00,649080.8
10/24/2014 22:00,571977.8
10/25/2014 22:00,539937.1
10/26/2014 23:00,625986.6
10/27/2014 23:00,650110.4
10/28/2014 23:00,648847.5
10/29/2014 23:00,646154.6
10/30/2014 23:00,647351.5
10/31/2014 23:00,566429.8
11/1/2014 23:00,528498.3
11/2/2014 23:00,649105.2
11/3/2014 23:00,661985.2
11/4/2014 23:00,674703.1
11/5/2014 23:00,674165.6
11/6/2014 23:00,660338
11/7/2014 23:00,585771.7
11/8/2014 23:00,536696.4
11/9/2014 23:00,636267.4
11/10/2014 23:00,670292.9
11/11/2014 23:00,662213.6
11/12/2014 23:00,697934.5
11/13/2014 23:00,682528
11/14/2014 23:00,598658.1
11/15/2014 23:00,558161.9
11/16/2014 23:00,668309.5
11/17/2014 23:00,692122.1
11/18/2014 23:00,693765.3
11/19/2014 23:00,682831.3
11/20/2014 23:00,671399.3
11/21/2014 23:00,592164.5
11/22/2014 23:00,550314.3
11/23/2014 23:00,655219.7
11/24/2014 23:00,669402.9
11/25/2014 23:00,676188
11/26/2014 23:00,685887.6
11/27/2014 23:00,665593.3
11/28/2014 23:00,594243.2
11/29/2014 23:00,557117.2
11/30/2014 23:00,687908.1
12/1/2014 23:00,699847.1
12/2/2014 23:00,688006.5
12/3/2014 23:00,685542.7
12/4/2014 23:00,706620
12/5/2014 23:00,603689.1
12/6/2014 23:00,579275.3
12/7/2014 23:00,578493.8
12/8/2014 23:00,681644.7
12/9/2014 23:00,690817
12/10/2014 23:00,705802.5
12/11/2014 23:00,736746
12/12/2014 23:00,637583.2
12/13/2014 23:00,594162.1
12/14/2014 23:00,713351
12/15/2014 23:00,735098.1
12/16/2014 23:00,729300.6
12/17/2014 23:00,711734.3
12/18/2014 23:00,712479.4
12/19/2014 23:00,628519.5
12/20/2014 23:00,592502.5
12/21/2014 23:00,665706.7
12/22/2014 23:00,642992.9
12/23/2014 23:00,550006.8
12/24/2014 23:00,498533.4
12/25/2014 23:00,552442.1
12/26/2014 23:00,567810.6
12/27/2014 23:00,554312.6
12/28/2014 23:00,623671.6
12/29/2014 23:00,613933.8
12/30/2014 23:00,564397.1
12/31/2014 23:00,550254.5
1/1/2015 23:00,624421.3
1/2/2015 23:00,603519.6
1/3/2015 23:00,564648
1/4/2015 23:00,642469.7
1/5/2015 23:00,574126.6
1/6/2015 23:00,691474.8
1/7/2015 23:00,732249.6
1/8/2015 23:00,745669.3
1/9/2015 23:00,641824.3
1/10/2015 23:00,578798.2
1/11/2015 23:00,730009.9
1/12/2015 23:00,751849.3
1/13/2015 23:00,749940.2
1/14/2015 23:00,760869.8
1/15/2015 23:00,760521.6
1/16/2015 23:00,646295
1/17/2015 23:00,592179
1/18/2015 23:00,746691.7
1/19/2015 23:00,765114.2
1/20/2015 23:00,776703.2
1/21/2015 23:00,774343.1
1/22/2015 23:00,775971.6
1/23/2015 23:00,666927.7
1/24/2015 23:00,596161.7
1/25/2015 23:00,749537.8
1/26/2015 23:00,781252.5
1/27/2015 23:00,767265.7
1/28/2015 23:00,769954.8
1/29/2015 23:00,760797.6
1/30/2015 23:00,653265.5
1/31/2015 23:00,620483.2
2/1/2015 23:00,755534.1
2/2/2015 23:00,766115.9
2/3/2015 23:00,755099.6
2/4/2015 23:00,761647.2
2/5/2015 23:00,751304
2/6/2015 23:00,684848.1
2/7/2015 23:00,616555.8
2/8/2015 23:00,773403.4
2/9/2015 23:00,772019.9
2/10/2015 23:00,764118.9
2/11/2015 23:00,763184.6
2/12/2015 23:00,754991
2/13/2015 23:00,662226
2/14/2015 23:00,601097.1
2/15/2015 23:00,732194.2
2/16/2015 23:00,750376.5
2/17/2015 23:00,739045.4
2/18/2015 23:00,747421.8
2/19/2015 23:00,726577.4
2/20/2015 23:00,652852.7
2/21/2015 23:00,607770.7
2/22/2015 23:00,742753.6
2/23/2015 23:00,754543.9
2/24/2015 23:00,753892.5
2/25/2015 23:00,741323.4
2/26/2015 23:00,719982.5
2/27/2015 23:00,633191.4
2/28/2015 23:00,583654.3
3/1/2015 23:00,680217.4
3/2/2015 23:00,688983.7
3/3/2015 23:00,702790.9
3/4/2015 23:00,702801.3
3/5/2015 23:00,689017.5
3/6/2015 23:00,618817.6
3/7/2015 23:00,566775.4
3/8/2015 23:00,672614.3
3/9/2015 23:00,702263.4
3/10/2015 23:00,688783.7
3/11/2015 23:00,677803.9
3/12/2015 23:00,675386.7
3/13/2015 23:00,622217.4
3/14/2015 23:00,573728.1
3/15/2015 23:00,662637.2
3/16/2015 23:00,691017.7
3/17/2015 23:00,688443.3
3/18/2015 23:00,639352.3
3/19/2015 23:00,674310.7
3/20/2015 23:00,626196.9
3/21/2015 23:00,582647.6
3/22/2015 23:00,677929.8
3/23/2015 23:00,711188.7
3/24/2015 23:00,717832
3/25/2015 23:00,705142.1
3/26/2015 23:00,698251.6
3/27/2015 23:00,631460.8
3/28/2015 23:00,552668.9
3/29/2015 22:00,661724.4
3/30/2015 22:00,671270.4
3/31/2015 22:00,634282.6
4/1/2015 22:00,562362.9
4/2/2015 22:00,495906.4
4/3/2015 22:00,535855.8
4/4/2015 22:00,518402.1
4/5/2015 22:00,570283.5
4/6/2015 22:00,640958
4/7/2015 22:00,653841.4
4/8/2015 22:00,645079
4/9/2015 22:00,654931.9
4/10/2015 22:00,588185.4
4/11/2015 22:00,536487.1
4/12/2015 22:00,636658.3
4/13/2015 22:00,657381.3
4/14/2015 22:00,655117.3
4/15/2015 22:00,671505.7
4/16/2015 22:00,664801.3
4/17/2015 22:00,596475.6
4/18/2015 22:00,533962.3
4/19/2015 22:00,640731.8
4/20/2015 22:00,678493
4/21/2015 22:00,659551.6
4/22/2015 22:00,648111.6
4/23/2015 22:00,650471.8
4/24/2015 22:00,580844
4/25/2015 22:00,532421.7
4/26/2015 22:00,638420.1
4/27/2015 22:00,664626.5
4/28/2015 22:00,663157.4
4/29/2015 22:00,657340.8
4/30/2015 22:00,528349.5
5/1/2015 22:00,537556.9
5/2/2015 22:00,523854.2
5/3/2015 22:00,630058.8
5/4/2015 22:00,647519
5/5/2015 22:00,645223
5/6/2015 22:00,655604.7
5/7/2015 22:00,654516.1
5/8/2015 22:00,593672.9
5/9/2015 22:00,547939.4
5/10/2015 22:00,663111.6
5/11/2015 22:00,685016.1
5/12/2015 22:00,688495.1
5/13/2015 22:00,697955.4
5/14/2015 22:00,669308.8
5/15/2015 22:00,604191.9
5/16/2015 22:00,557225.3
5/17/2015 22:00,661154.5
5/18/2015 22:00,682316.8
5/19/2015 22:00,675489.5
5/20/2015 22:00,676076.5
5/21/2015 22:00,659503.2
5/22/2015 22:00,591503.4
5/23/2015 22:00,536795.1
5/24/2015 22:00,641953.8
5/25/2015 22:00,665561.5
5/26/2015 22:00,667676.3
5/27/2015 22:00,668208.3
5/28/2015 22:00,656479
5/29/2015 22:00,590525.6
5/30/2015 22:00,545834.3
5/31/2015 22:00,650402
6/1/2015 22:00,673356.9
6/2/2015 22:00,684865.4
6/3/2015 22:00,671465.2
6/4/2015 22:00,685398.7
6/5/2015 22:00,621413.9
6/6/2015 22:00,565520.1
6/7/2015 22:00,683133.5
6/8/2015 22:00,703118.5
6/9/2015 22:00,706222.9
6/10/2015 22:00,692474.8
6/11/2015 22:00,689224.2
6/12/2015 22:00,618230.3
6/13/2015 22:00,560561.2
6/14/2015 22:00,664882.3
6/15/2015 22:00,672515.7
6/16/2015 22:00,673392.8
6/17/2015 22:00,671580.9
6/18/2015 22:00,672846.6
6/19/2015 22:00,612264.1
6/20/2015 22:00,550293.1
6/21/2015 22:00,677864.7
6/22/2015 22:00,700890.6
6/23/2015 22:00,658172.3
6/24/2015 22:00,686354.8
6/25/2015 22:00,704303.6
6/26/2015 22:00,634495.9
6/27/2015 22:00,583166.1
6/28/2015 22:00,703621.5
6/29/2015 22:00,724184.5
6/30/2015 22:00,741243.9
7/1/2015 22:00,749362.9
7/2/2015 22:00,740389
7/3/2015 22:00,657181.7
7/4/2015 22:00,600756
7/5/2015 22:00,737566.3
7/6/2015 22:00,759636.7
7/7/2015 22:00,771604.2
7/8/2015 22:00,784052.2
7/9/2015 22:00,771126.4
7/10/2015 22:00,673427.1
7/11/2015 22:00,619411.9
7/12/2015 22:00,757408.1
7/13/2015 22:00,776104.5
7/14/2015 22:00,770863.2
7/15/2015 22:00,782070.5
7/16/2015 22:00,766792
7/17/2015 22:00,676543.2
7/18/2015 22:00,616894.9
7/19/2015 22:00,757342.5
7/20/2015 22:00,767825.9
7/21/2015 22:00,770407.4
7/22/2015 22:00,767457.9
7/23/2015 22:00,764732.2
7/24/2015 22:00,667213.7
7/25/2015 22:00,615630.9
7/26/2015 22:00,748584.9
7/27/2015 22:00,753667.5
7/28/2015 22:00,753931.6
7/29/2015 22:00,748818.3
7/30/2015 22:00,726335.2
7/31/2015 22:00,631704.5
8/1/2015 22:00,582519.1
8/2/2015 22:00,699509.1
8/3/2015 22:00,712485.5
8/4/2015 22:00,708160.1
8/5/2015 22:00,708469.1
8/6/2015 22:00,714854.5
8/7/2015 22:00,619512.8
8/8/2015 22:00,571601.4
8/9/2015 22:00,676241.6
8/10/2015 22:00,696847.7
8/11/2015 22:00,700733.2
8/12/2015 22:00,698707.4
8/13/2015 22:00,677261.7
8/14/2015 22:00,573820.7
8/15/2015 22:00,552992.5
8/16/2015 22:00,664216.4
8/17/2015 22:00,675056
8/18/2015 22:00,670359
8/19/2015 22:00,659490.4
8/20/2015 22:00,681666.5
8/21/2015 22:00,614947.4
8/22/2015 22:00,557622.3
8/23/2015 22:00,670081.2
8/24/2015 22:00,694356.6
8/25/2015 22:00,702496.2
8/26/2015 22:00,699185.6
8/27/2015 22:00,706483.8
8/28/2015 22:00,629691.3
8/29/2015 22:00,578926.3
8/30/2015 22:00,709325.8
8/31/2015 22:00,710471
9/1/2015 22:00,712953.8
9/2/2015 22:00,705725.7
9/3/2015 22:00,698688
9/4/2015 22:00,611442.6
9/5/2015 22:00,558928.9
9/6/2015 22:00,674087.7
9/7/2015 22:00,680128.6
9/8/2015 22:00,689949.1
9/9/2015 22:00,684722.5
9/10/2015 22:00,650601.3
9/11/2015 22:00,592954.9
9/12/2015 22:00,541060.8
9/13/2015 22:00,654770
9/14/2015 22:00,677707.9
9/15/2015 22:00,664711
9/16/2015 22:00,662826.5
9/17/2015 22:00,658083.3
9/18/2015 22:00,581998.3
9/19/2015 22:00,533651.4
9/20/2015 22:00,645589.1
9/21/2015 22:00,663968.3
9/22/2015 22:00,668095
9/23/2015 22:00,657653.9
9/24/2015 22:00,652071.2
9/25/2015 22:00,579662.4
9/26/2015 22:00,518808.7
9/27/2015 22:00,650201.6
9/28/2015 22:00,670578.9
9/29/2015 22:00,663249.4
9/30/2015 22:00,654686.1
10/1/2015 22:00,662585.2
10/2/2015 22:00,569965.2
10/3/2015 22:00,522021.9
10/4/2015 22:00,641125.1
10/5/2015 22:00,654743.1
10/6/2015 22:00,659440
10/7/2015 22:00,655051.2
10/8/2015 22:00,639710.9
10/9/2015 22:00,571494.9
10/10/2015 22:00,517278.2
10/11/2015 22:00,531390.4
10/12/2015 22:00,639433.5
10/13/2015 22:00,648855.9
10/14/2015 22:00,647333.5
10/15/2015 22:00,640436.3
10/16/2015 22:00,562434.8
10/17/2015 22:00,514059.6
10/18/2015 22:00,638519.5
10/19/2015 22:00,655146.9
10/20/2015 22:00,652874.2
10/21/2015 22:00,654826.6
10/22/2015 22:00,644913.7
10/23/2015 22:00,569830.7
10/24/2015 22:00,544181.7
10/25/2015 23:00,640753.4
10/26/2015 23:00,659172.8
10/27/2015 23:00,649332.9
10/28/2015 23:00,652778.7
10/29/2015 23:00,648755.7
10/30/2015 23:00,571079
10/31/2015 23:00,514268.2
11/1/2015 23:00,619124.7
11/2/2015 23:00,666490.1
11/3/2015 23:00,667131.6
11/4/2015 23:00,663579.8
11/5/2015 23:00,668726.5
11/6/2015 23:00,601488.4
11/7/2015 23:00,541587.3
11/8/2015 23:00,644701.5
11/9/2015 23:00,665773.7
11/10/2015 23:00,663198.6
11/11/2015 23:00,667570.9
11/12/2015 23:00,667326.2
11/13/2015 23:00,596728.7
11/14/2015 23:00,540341
11/15/2015 23:00,656560.2
11/16/2015 23:00,681462.4
11/17/2015 23:00,672584.5
11/18/2015 23:00,675391.5
11/19/2015 23:00,676403.3
11/20/2015 23:00,608888.6
11/21/2015 23:00,571691.5
11/22/2015 23:00,682726.7
11/23/2015 23:00,715115.4
11/24/2015 23:00,711248.7
11/25/2015 23:00,712761.3
11/26/2015 23:00,703527.7
11/27/2015 23:00,625133.2
11/28/2015 23:00,568448.3
11/29/2015 23:00,675871.5
11/30/2015 23:00,711274.6
12/1/2015 23:00,724180.4
12/2/2015 23:00,723873.1
12/3/2015 23:00,709733.5
12/4/2015 23:00,635991.5
12/5/2015 23:00,583860
12/6/2015 23:00,636379
12/7/2015 23:00,596829.5
12/8/2015 23:00,713316
12/9/2015 23:00,729256.3
12/10/2015 23:00,720857.1
12/11/2015 23:00,657013.6
12/12/2015 23:00,602392.3
12/13/2015 23:00,718914
12/14/2015 23:00,731761.2
12/15/2015 23:00,737407.4
12/16/2015 23:00,724076.7
12/17/2015 23:00,712695
12/18/2015 23:00,649408.5
12/19/2015 23:00,583702.1
12/20/2015 23:00,689872.1
12/21/2015 23:00,695967
12/22/2015 23:00,678409.8
12/23/2015 23:00,617864.4
12/24/2015 23:00,525118
12/25/2015 23:00,567412.3
12/26/2015 23:00,560490.6
12/27/2015 23:00,647670.2
12/28/2015 23:00,648477
12/29/2015 23:00,640739.1
12/30/2015 23:00,579381.9
12/31/2015 23:00,517147
1/1/2016 23:00,564098.9
1/2/2016 23:00,564229.6
1/3/2016 23:00,646215.9
1/4/2016 23:00,647169.4
1/5/2016 23:00,572465.9
1/6/2016 23:00,685407.9
1/7/2016 23:00,700327.5
1/8/2016 23:00,646198.7
1/9/2016 23:00,615282.2
1/10/2016 23:00,723881.7
1/11/2016 23:00,735689.1
1/12/2016 23:00,745792.5
1/13/2016 23:00,736746.5
1/14/2016 23:00,732747.8
1/15/2016 23:00,674842
1/16/2016 23:00,630633.5
1/17/2016 23:00,728321.8
1/18/2016 23:00,745382.1
1/19/2016 23:00,745977.8
1/20/2016 23:00,740094.9
1/21/2016 23:00,735309.9
1/22/2016 23:00,660851.7
1/23/2016 23:00,618793.7
1/24/2016 23:00,718727.8
1/25/2016 23:00,739774.5
1/26/2016 23:00,732574
1/27/2016 23:00,728739
1/28/2016 23:00,710810.9
1/29/2016 23:00,655304.5
1/30/2016 23:00,610496
1/31/2016 23:00,718916.3
2/1/2016 23:00,730549.3
2/2/2016 23:00,726763.2
2/3/2016 23:00,725253
2/4/2016 23:00,724768.4
2/5/2016 23:00,653288.2
2/6/2016 23:00,615579.6
2/7/2016 23:00,718009.2
2/8/2016 23:00,736485.4
2/9/2016 23:00,736804.3
2/10/2016 23:00,723150.2
2/11/2016 23:00,718888.6
2/12/2016 23:00,651503.3
2/13/2016 23:00,621078.2
2/14/2016 23:00,736451.8
2/15/2016 23:00,743432.1
2/16/2016 23:00,744088.4
2/17/2016 23:00,736102.4
2/18/2016 23:00,745900.5
2/19/2016 23:00,655870.1
2/20/2016 23:00,612087
2/21/2016 23:00,711459.4
2/22/2016 23:00,727719.8
2/23/2016 23:00,718921.1
2/24/2016 23:00,708807.3
2/25/2016 23:00,720181.1
2/26/2016 23:00,664268.5
2/27/2016 23:00,625156
2/28/2016 23:00,717953.3
2/29/2016 23:00,705469.6
3/1/2016 23:00,713318.3
3/2/2016 23:00,700327.8
3/3/2016 23:00,706613.2
3/4/2016 23:00,644668.3
3/5/2016 23:00,606207.9
3/6/2016 23:00,712670
3/7/2016 23:00,711960.6
3/8/2016 23:00,732567.8
3/9/2016 23:00,728875.2
3/10/2016 23:00,727549.2
3/11/2016 23:00,652760.7
3/12/2016 23:00,613735.5
3/13/2016 23:00,705614.3
3/14/2016 23:00,707268.9
3/15/2016 23:00,729112.9
3/16/2016 23:00,721747.5
3/17/2016 23:00,720089.1
3/18/2016 23:00,647050.1
3/19/2016 23:00,601412.2
3/20/2016 23:00,703763.5
3/21/2016 23:00,706067.2
3/22/2016 23:00,691299.7
3/23/2016 23:00,585781.4
3/24/2016 23:00,553624.9
3/25/2016 23:00,572605.2
3/26/2016 23:00,531574.4
3/27/2016 22:00,608822.3
3/28/2016 22:00,673186.3
3/29/2016 22:00,688741.5
3/30/2016 22:00,694674.9
3/31/2016 22:00,685599.6
4/1/2016 22:00,621362.2
4/2/2016 22:00,575255.6
4/3/2016 22:00,681354.2
4/4/2016 22:00,698670.9
4/5/2016 22:00,704811.5
4/6/2016 22:00,689245.6
4/7/2016 22:00,678728.5
4/8/2016 22:00,611310.2
4/9/2016 22:00,574813.4
4/10/2016 22:00,677747.2
4/11/2016 22:00,683850
4/12/2016 22:00,682899.7
4/13/2016 22:00,685598.2
4/14/2016 22:00,667454.3
4/15/2016 22:00,603235
4/16/2016 22:00,557078.2
4/17/2016 22:00,665620.6
4/18/2016 22:00,672911.3
4/19/2016 22:00,674446.8
4/20/2016 22:00,676893.4
4/21/2016 22:00,664445.5
4/22/2016 22:00,608094.5
4/23/2016 22:00,567132.7
4/24/2016 22:00,670906.1
4/25/2016 22:00,668805.7
4/26/2016 22:00,659027
4/27/2016 22:00,650610.8
4/28/2016 22:00,650735.4
4/29/2016 22:00,602639.3
4/30/2016 22:00,529508.4
5/1/2016 22:00,591838.9
5/2/2016 22:00,655514.9
5/3/2016 22:00,657940.6
5/4/2016 22:00,662424.3
5/5/2016 22:00,662569.7
5/6/2016 22:00,577128.7
5/7/2016 22:00,544935.8
5/8/2016 22:00,640425.3
5/9/2016 22:00,652440.8
5/10/2016 22:00,654118.4
5/11/2016 22:00,657485.5
5/12/2016 22:00,657158.7
5/13/2016 22:00,584537.5
5/14/2016 22:00,540362.5
5/15/2016 22:00,603453.6
5/16/2016 22:00,632865.5
5/17/2016 22:00,643000.3
5/18/2016 22:00,638023
5/19/2016 22:00,638571.4
5/20/2016 22:00,574566.2
5/21/2016 22:00,542967
5/22/2016 22:00,627253.4
5/23/2016 22:00,651921.2
5/24/2016 22:00,650851.8
5/25/2016 22:00,644013.5
5/26/2016 22:00,652597
5/27/2016 22:00,592412.5
5/28/2016 22:00,546878.2
5/29/2016 22:00,644865.4
5/30/2016 22:00,647668.1
5/31/2016 22:00,660445.3
6/1/2016 22:00,654374.8
6/2/2016 22:00,658246.5
6/3/2016 22:00,592322.8
6/4/2016 22:00,544070.4
6/5/2016 22:00,659243.2
6/6/2016 22:00,695374.7
6/7/2016 22:00,687482
6/8/2016 22:00,686885.5
6/9/2016 22:00,682426.1
6/10/2016 22:00,603956.8
6/11/2016 22:00,568076.6
6/12/2016 22:00,689131.9
6/13/2016 22:00,697741.9
6/14/2016 22:00,681854
6/15/2016 22:00,681484.9
6/16/2016 22:00,659665.6
6/17/2016 22:00,602016.6
6/18/2016 22:00,559080.2
6/19/2016 22:00,670949.9
6/20/2016 22:00,696554.2
6/21/2016 22:00,689820.1
6/22/2016 22:00,690933.9
6/23/2016 22:00,645818.8
6/24/2016 22:00,619272.1
6/25/2016 22:00,577016
6/26/2016 22:00,691437.6
6/27/2016 22:00,702766.8
6/28/2016 22:00,711079.3
6/29/2016 22:00,710374.4
6/30/2016 22:00,718928.1
7/1/2016 22:00,637595.6
7/2/2016 22:00,593882.2
7/3/2016 22:00,718569.2
7/4/2016 22:00,739604.8
7/5/2016 22:00,735179.6
7/6/2016 22:00,725622.8
7/7/2016 22:00,722114
7/8/2016 22:00,652718.9
7/9/2016 22:00,609931.1
7/10/2016 22:00,739299.1
7/11/2016 22:00,750329.9
7/12/2016 22:00,741791.4
7/13/2016 22:00,724493.2
7/14/2016 22:00,712319.2
7/15/2016 22:00,639763.2
7/16/2016 22:00,596028.3
7/17/2016 22:00,734800.3
7/18/2016 22:00,764538.5
7/19/2016 22:00,755391.2
7/20/2016 22:00,745564.4
7/21/2016 22:00,729484.1
7/22/2016 22:00,641399.7
7/23/2016 22:00,589276.9
7/24/2016 22:00,687763.2
7/25/2016 22:00,740220.8
7/26/2016 22:00,747722.3
7/27/2016 22:00,750674.3
7/28/2016 22:00,743945.4
7/29/2016 22:00,656899.8
7/30/2016 22:00,596852
7/31/2016 22:00,716833
8/1/2016 22:00,718965
8/2/2016 22:00,727865
8/3/2016 22:00,739024.8
8/4/2016 22:00,720490
8/5/2016 22:00,640293.3
8/6/2016 22:00,592550.8
8/7/2016 22:00,686783.1
8/8/2016 22:00,696206.1
8/9/2016 22:00,691235.5
8/10/2016 22:00,679698.6
8/11/2016 22:00,662809.5
8/12/2016 22:00,620113.8
8/13/2016 22:00,565421.2
8/14/2016 22:00,558208.7
8/15/2016 22:00,663381.6
8/16/2016 22:00,689972
8/17/2016 22:00,693443.1
8/18/2016 22:00,683463.5
8/19/2016 22:00,628054.9
8/20/2016 22:00,581211.3
8/21/2016 22:00,688955
8/22/2016 22:00,710690.3
8/23/2016 22:00,719547.2
8/24/2016 22:00,717552
8/25/2016 22:00,708847
8/26/2016 22:00,646161.7
8/27/2016 22:00,593793.3
8/28/2016 22:00,711189.4
8/29/2016 22:00,726330.1
8/30/2016 22:00,728272.9
8/31/2016 22:00,715188.5
9/1/2016 22:00,719726.5
9/2/2016 22:00,654525.4
9/3/2016 22:00,611917.5
9/4/2016 22:00,729302
9/5/2016 22:00,757780.8
9/6/2016 22:00,772390.1
9/7/2016 22:00,744049.6
9/8/2016 22:00,733152.3
9/9/2016 22:00,655254.4
9/10/2016 22:00,601746
9/11/2016 22:00,712336.9
9/12/2016 22:00,729174.8
9/13/2016 22:00,714639.5
9/14/2016 22:00,698113.5
9/15/2016 22:00,679724.9
9/16/2016 22:00,612316.9
9/17/2016 22:00,555668.3
9/18/2016 22:00,669558.4
9/19/2016 22:00,684652.8
9/20/2016 22:00,680555.6
9/21/2016 22:00,688327.3
9/22/2016 22:00,680918.6
9/23/2016 22:00,608114.6
9/24/2016 22:00,549815.1
9/25/2016 22:00,673303.5
9/26/2016 22:00,692976.1
9/27/2016 22:00,692240.9
9/28/2016 22:00,686462.3
9/29/2016 22:00,675091.6
9/30/2016 22:00,604114.3
10/1/2016 22:00,551413.4
10/2/2016 22:00,669879
10/3/2016 22:00,694330.1
10/4/2016 22:00,688936.6
10/5/2016 22:00,681249.8
10/6/2016 22:00,662524
10/7/2016 22:00,606589.9
10/8/2016 22:00,556030.5
10/9/2016 22:00,663191.6
10/10/2016 22:00,669833.3
10/11/2016 22:00,554086.9
10/12/2016 22:00,642576.6
10/13/2016 22:00,653814.4
10/14/2016 22:00,594784.1
10/15/2016 22:00,542149.6
10/16/2016 22:00,651202
10/17/2016 22:00,656135.8
10/18/2016 22:00,648993.5
10/19/2016 22:00,646353.4
10/20/2016 22:00,636131.4
10/21/2016 22:00,577021.9
10/22/2016 22:00,539147.3
10/23/2016 22:00,650970.9
10/24/2016 22:00,651797.8
10/25/2016 22:00,650455.3
10/26/2016 22:00,651681.9
10/27/2016 22:00,643635.5
10/28/2016 22:00,583670.7
10/29/2016 22:00,560807.1
10/30/2016 23:00,598484.6
10/31/2016 23:00,537156.8
11/1/2016 23:00,645236.8
11/2/2016 23:00,663663.2
11/3/2016 23:00,656195.7
11/4/2016 23:00,603647
11/5/2016 23:00,570680.1
11/6/2016 23:00,690449
11/7/2016 23:00,707629.5
11/8/2016 23:00,679760.1
11/9/2016 23:00,689722.5
11/10/2016 23:00,687157.7
11/11/2016 23:00,615695.3
11/12/2016 23:00,568754.1
11/13/2016 23:00,690186.9
11/14/2016 23:00,694857.8
11/15/2016 23:00,686476.4
11/16/2016 23:00,689229.8
11/17/2016 23:00,694576.4
11/18/2016 23:00,629158.1
11/19/2016 23:00,581996.2
11/20/2016 23:00,692061.1
11/21/2016 23:00,707962.8
11/22/2016 23:00,721635.8
11/23/2016 23:00,718903.4
11/24/2016 23:00,723169.6
11/25/2016 23:00,630810.5
11/26/2016 23:00,593112.7
11/27/2016 23:00,695355.2
11/28/2016 23:00,721713.8
11/29/2016 23:00,720620.1
11/30/2016 23:00,730271.7
12/1/2016 23:00,727616.8
12/2/2016 23:00,658900.2
12/3/2016 23:00,609571.2
12/4/2016 23:00,672271.1
12/5/2016 23:00,616128.6
12/6/2016 23:00,678405.4
12/7/2016 23:00,616180.8
12/8/2016 23:00,664592.4
12/9/2016 23:00,641020.1
12/10/2016 23:00,610213.6
12/11/2016 23:00,724225.9
12/12/2016 23:00,744934.1
12/13/2016 23:00,744531.9
12/14/2016 23:00,747690.5
12/15/2016 23:00,750837.3
12/16/2016 23:00,663207.9
12/17/2016 23:00,629691
12/18/2016 23:00,745642.2
12/19/2016 23:00,744723.4
12/20/2016 23:00,743213.7
12/21/2016 23:00,741295.7
12/22/2016 23:00,717462.3
12/23/2016 23:00,611915.4
12/24/2016 23:00,537262.4
12/25/2016 23:00,611925.3
12/26/2016 23:00,683360.6
12/27/2016 23:00,676507.9
12/28/2016 23:00,669733
12/29/2016 23:00,674075.3
12/30/2016 23:00,599110.9
12/31/2016 23:00,532073.8
1/1/2017 23:00,664443.5
1/2/2017 23:00,703199.1
1/3/2017 23:00,721913.2
1/4/2017 23:00,712200
1/5/2017 23:00,618795.4
1/6/2017 23:00,660743
1/7/2017 23:00,640220.1
1/8/2017 23:00,741871.3
1/9/2017 23:00,764320.9
1/10/2017 23:00,777147.6
1/11/2017 23:00,771633.6
1/12/2017 23:00,770318
1/13/2017 23:00,691541.8
1/14/2017 23:00,654605.2
1/15/2017 23:00,768165.9
1/16/2017 23:00,788812
1/17/2017 23:00,799878.2
1/18/2017 23:00,786716.4
1/19/2017 23:00,790204.2
1/20/2017 23:00,702500.2
1/21/2017 23:00,671812
1/22/2017 23:00,780239.5
1/23/2017 23:00,788790.7
1/24/2017 23:00,785222.1
1/25/2017 23:00,800656.9
1/26/2017 23:00,776728.6
1/27/2017 23:00,708357.9
1/28/2017 23:00,657871.9
1/29/2017 23:00,764194
1/30/2017 23:00,752955.3
1/31/2017 23:00,771068
2/1/2017 23:00,759337.6
2/2/2017 23:00,743849.2
2/3/2017 23:00,673146.7
2/4/2017 23:00,631506.9
2/5/2017 23:00,730962.1
2/6/2017 23:00,721411.3
2/7/2017 23:00,744522.9
2/8/2017 23:00,738554.2
2/9/2017 23:00,747395.7
2/10/2017 23:00,672448.9
2/11/2017 23:00,636818.7
2/12/2017 23:00,732403.9
2/13/2017 23:00,737511.5
2/14/2017 23:00,751947.4
2/15/2017 23:00,741943.8
2/16/2017 23:00,738881.1
2/17/2017 23:00,672535
2/18/2017 23:00,614890.7
2/19/2017 23:00,719075
2/20/2017 23:00,724462.8
2/21/2017 23:00,719154.3
2/22/2017 23:00,713892.9
2/23/2017 23:00,724984.9
2/24/2017 23:00,661468.8
2/25/2017 23:00,610412.5
2/26/2017 23:00,692991.1
2/27/2017 23:00,688978.7
2/28/2017 23:00,714800.2
3/1/2017 23:00,713309.2
3/2/2017 23:00,705553
3/3/2017 23:00,634148.9
3/4/2017 23:00,600619.9
3/5/2017 23:00,686976.8
3/6/2017 23:00,716510.9
3/7/2017 23:00,690158.9
3/8/2017 23:00,685165.5
3/9/2017 23:00,670216.8
3/10/2017 23:00,608082.5
3/11/2017 23:00,571610.8
3/12/2017 23:00,695136.5
3/13/2017 23:00,705554.6
3/14/2017 23:00,694995.2
3/15/2017 23:00,684782.1
3/16/2017 23:00,667684.3
3/17/2017 23:00,605921.4
3/18/2017 23:00,555700
3/19/2017 23:00,652511.4
3/20/2017 23:00,676110.7
3/21/2017 23:00,684732.9
3/22/2017 23:00,688266.7
3/23/2017 23:00,693098.9
3/24/2017 23:00,633329.3
3/25/2017 23:00,568289.4
3/26/2017 22:00,686012
3/27/2017 22:00,691112
3/28/2017 22:00,691832.7
3/29/2017 22:00,676640.2
3/30/2017 22:00,673261.8
3/31/2017 22:00,614514.5
4/1/2017 22:00,571534.9
4/2/2017 22:00,664786.6
4/3/2017 22:00,680491.6
4/4/2017 22:00,678039.7
4/5/2017 22:00,671725.4
4/6/2017 22:00,662547.4
4/7/2017 22:00,589980.1
4/8/2017 22:00,554518.2
4/9/2017 22:00,634222.5
4/10/2017 22:00,649822.4
4/11/2017 22:00,644449.6
4/12/2017 22:00,576803.7
4/13/2017 22:00,510112.5
4/14/2017 22:00,533623.9
4/15/2017 22:00,517184.4
4/16/2017 22:00,569019.3
4/17/2017 22:00,646407
4/18/2017 22:00,669579.4
4/19/2017 22:00,667712.8
4/20/2017 22:00,671674.4
4/21/2017 22:00,610487.6
4/22/2017 22:00,564223.1
4/23/2017 22:00,646514
4/24/2017 22:00,686450.4
4/25/2017 22:00,679786.4
4/26/2017 22:00,672770
4/27/2017 22:00,687484.1
4/28/2017 22:00,605713.3
4/29/2017 22:00,556684.3
4/30/2017 22:00,532509.6
5/1/2017 22:00,634331.1
5/2/2017 22:00,663404.5
5/3/2017 22:00,676627.7
5/4/2017 22:00,667730.8
5/5/2017 22:00,581758.3
5/6/2017 22:00,529856.9
5/7/2017 22:00,645188.2
5/8/2017 22:00,673754.1
5/9/2017 22:00,674458.7
5/10/2017 22:00,668924.1
5/11/2017 22:00,669612
5/12/2017 22:00,604855.6
5/13/2017 22:00,553062.3
5/14/2017 22:00,642400.9
5/15/2017 22:00,684842.7
5/16/2017 22:00,676397.1
5/17/2017 22:00,669563.8
5/18/2017 22:00,658800.3
5/19/2017 22:00,599189.3
5/20/2017 22:00,542269.2
5/21/2017 22:00,658346.8
5/22/2017 22:00,673660.6
5/23/2017 22:00,680048.6
5/24/2017 22:00,696054.5
5/25/2017 22:00,695441.5
5/26/2017 22:00,610198.2
5/27/2017 22:00,556727.7
5/28/2017 22:00,658130
5/29/2017 22:00,681169
5/30/2017 22:00,688717.5
5/31/2017 22:00,694200.4
6/1/2017 22:00,681617.2
6/2/2017 22:00,607012.4
6/3/2017 22:00,559223.8
6/4/2017 22:00,658002.1
6/5/2017 22:00,683240.3
6/6/2017 22:00,681546.4
6/7/2017 22:00,685700.1
6/8/2017 22:00,682544.1
6/9/2017 22:00,635863.8
6/10/2017 22:00,580309.1
6/11/2017 22:00,705554.6
6/12/2017 22:00,737308.2
6/13/2017 22:00,749655.2
6/14/2017 22:00,755500.2
6/15/2017 22:00,745448.4
6/16/2017 22:00,685000.6
6/17/2017 22:00,647031.1
6/18/2017 22:00,761749.9
6/19/2017 22:00,789826.4
6/20/2017 22:00,803610.5
6/21/2017 22:00,800396.6
6/22/2017 22:00,764282.2
6/23/2017 22:00,685571.4
6/24/2017 22:00,631190.5
6/25/2017 22:00,746559.7
6/26/2017 22:00,758246.7
6/27/2017 22:00,740587.6
6/28/2017 22:00,720906.3
6/29/2017 22:00,691726.3
6/30/2017 22:00,628268.8
7/1/2017 22:00,581578.6
7/2/2017 22:00,707801.8
7/3/2017 22:00,739463.1
7/4/2017 22:00,730308.4
7/5/2017 22:00,730785.6
7/6/2017 22:00,729702.6
7/7/2017 22:00,649974.6
7/8/2017 22:00,599286.5
7/9/2017 22:00,725889.3
7/10/2017 22:00,748617.4
7/11/2017 22:00,757241.7
7/12/2017 22:00,771635.8
7/13/2017 22:00,781072.6
7/14/2017 22:00,701295.2
7/15/2017 22:00,643169.6
7/16/2017 22:00,772765.2
7/17/2017 22:00,798765.5
7/18/2017 22:00,785579.2
7/19/2017 22:00,761446.3
7/20/2017 22:00,740726
7/21/2017 22:00,665823.9
7/22/2017 22:00,611060.4
7/23/2017 22:00,721826
7/24/2017 22:00,722112.1
7/25/2017 22:00,740496.5
7/26/2017 22:00,766332.4
7/27/2017 22:00,753049.8
7/28/2017 22:00,682940.2
7/29/2017 22:00,626006.3
7/30/2017 22:00,727027.6
7/31/2017 22:00,740268
8/1/2017 22:00,745938.7
8/2/2017 22:00,756921.1
8/3/2017 22:00,757853.6
8/4/2017 22:00,684593.3
8/5/2017 22:00,620061.8
8/6/2017 22:00,717554.7
8/7/2017 22:00,715155.6
8/8/2017 22:00,711020.3
8/9/2017 22:00,688870.8
8/10/2017 22:00,668804.5
8/11/2017 22:00,617116.9
8/12/2017 22:00,583261.8
8/13/2017 22:00,651226.7
8/14/2017 22:00,596098
8/15/2017 22:00,683772
8/16/2017 22:00,705691.2
8/17/2017 22:00,719018.3
8/18/2017 22:00,647517.4
8/19/2017 22:00,605011.8
8/20/2017 22:00,732300.7
8/21/2017 22:00,752947.3
8/22/2017 22:00,732649.6
8/23/2017 22:00,735763.9
8/24/2017 22:00,733205.9
8/25/2017 22:00,664683.2
8/26/2017 22:00,612707.9
8/27/2017 22:00,720824.6
8/28/2017 22:00,734898.8
8/29/2017 22:00,718941.7
8/30/2017 22:00,700836.8
8/31/2017 22:00,678732.9
9/1/2017 22:00,615812.7
9/2/2017 22:00,565939.6
9/3/2017 22:00,682735.9
9/4/2017 22:00,703273.9
9/5/2017 22:00,703958.4
9/6/2017 22:00,705971.3
9/7/2017 22:00,692176.4
9/8/2017 22:00,621861
9/9/2017 22:00,571921.9
9/10/2017 22:00,670647.4
9/11/2017 22:00,704973.1
9/12/2017 22:00,696720.2
9/13/2017 22:00,692679.4
9/14/2017 22:00,672475.6
9/15/2017 22:00,597180.9
9/16/2017 22:00,545138.3
9/17/2017 22:00,662855.3
9/18/2017 22:00,680624
9/19/2017 22:00,682209.8
9/20/2017 22:00,683807
9/21/2017 22:00,677142.9
9/22/2017 22:00,603738.2
9/23/2017 22:00,559592.3
9/24/2017 22:00,670351.8
9/25/2017 22:00,685461.5
9/26/2017 22:00,689576.8
9/27/2017 22:00,686323.6
9/28/2017 22:00,679829.4
9/29/2017 22:00,599971.2
9/30/2017 22:00,546081.1
10/1/2017 22:00,653373.3
10/2/2017 22:00,669758.9
10/3/2017 22:00,679092.3
10/4/2017 22:00,676554.2
10/5/2017 22:00,670592.6
10/6/2017 22:00,594444.1
10/7/2017 22:00,552098
10/8/2017 22:00,640774.4
10/9/2017 22:00,664099.7
10/10/2017 22:00,676876.6
10/11/2017 22:00,561022.2
10/12/2017 22:00,620277.3
10/13/2017 22:00,598165.2
10/14/2017 22:00,566874.4
10/15/2017 22:00,660876.8
10/16/2017 22:00,670023.1
10/17/2017 22:00,670669.3
10/18/2017 22:00,664801.9
10/19/2017 22:00,656293.1
10/20/2017 22:00,592638.4
10/21/2017 22:00,537745.3
10/22/2017 22:00,645085.8
10/23/2017 22:00,665267.9
10/24/2017 22:00,666606
10/25/2017 22:00,660755.8
10/26/2017 22:00,658849.9
10/27/2017 22:00,574781.1
10/28/2017 22:00,558623.2
10/29/2017 23:00,641452
10/30/2017 23:00,647067.9
10/31/2017 23:00,544035.4
11/1/2017 23:00,647524.1
11/2/2017 23:00,672574
11/3/2017 23:00,593113.2
11/4/2017 23:00,550469.1
11/5/2017 23:00,671704
11/6/2017 23:00,687417.9
11/7/2017 23:00,694219.1
11/8/2017 23:00,683128.4
11/9/2017 23:00,696394.4
11/10/2017 23:00,615850
11/11/2017 23:00,584795.3
11/12/2017 23:00,690133.9
11/13/2017 23:00,704526.8
11/14/2017 23:00,704466.2
11/15/2017 23:00,704365
11/16/2017 23:00,705692.7
11/17/2017 23:00,643010.8
11/18/2017 23:00,598748.9
11/19/2017 23:00,702496.2
11/20/2017 23:00,732835.2
11/21/2017 23:00,728245.9
11/22/2017 23:00,725487.2
11/23/2017 23:00,712611.1
11/24/2017 23:00,647453.5
11/25/2017 23:00,621089.1
11/26/2017 23:00,731091.3
11/27/2017 23:00,756168
11/28/2017 23:00,762465.6
11/29/2017 23:00,772623.7
11/30/2017 23:00,778219.1
12/1/2017 23:00,696184.5
12/2/2017 23:00,659613.9
12/3/2017 23:00,758495.9
12/4/2017 23:00,777338.2
12/5/2017 23:00,683994.9
12/6/2017 23:00,741868.4
12/7/2017 23:00,674579.5
12/8/2017 23:00,703990
12/9/2017 23:00,648484.5
12/10/2017 23:00,742339.3
12/11/2017 23:00,796947
12/12/2017 23:00,807007.3
12/13/2017 23:00,787034.4
12/14/2017 23:00,771736.7
12/15/2017 23:00,698643.8
12/16/2017 23:00,641433.2
12/17/2017 23:00,767112.6
12/18/2017 23:00,782395.3
12/19/2017 23:00,792756.9
12/20/2017 23:00,775503.3
12/21/2017 23:00,737860.2
12/22/2017 23:00,642811.4
12/23/2017 23:00,587341.7
12/24/2017 23:00,543712.3
12/25/2017 23:00,642924.4
12/26/2017 23:00,688566.8
12/27/2017 23:00,690282
12/28/2017 23:00,661642.7
12/29/2017 23:00,610071.5
12/30/2017 23:00,579044.6
12/31/2017 23:00,546621.3
1/1/2018 23:00,683997.3
1/2/2018 23:00,711027.7
1/3/2018 23:00,714192.8
1/4/2018 23:00,698907.5
1/5/2018 23:00,607608.4
1/6/2018 23:00,628919.6
1/7/2018 23:00,764937.2
1/8/2018 23:00,787814.4
1/9/2018 23:00,787603.1
1/10/2018 23:00,782643.4
1/11/2018 23:00,790814
1/12/2018 23:00,697341.9
1/13/2018 23:00,656981.1
1/14/2018 23:00,780560.2
1/15/2018 23:00,774813.9
1/16/2018 23:00,769880.4
1/17/2018 23:00,766342.4
1/18/2018 23:00,766524.4
1/19/2018 23:00,675737.2
1/20/2018 23:00,627681.6
1/21/2018 23:00,740394.2
1/22/2018 23:00,752021.7
1/23/2018 23:00,749607.8
1/24/2018 23:00,758256.2
1/25/2018 23:00,763638.9
1/26/2018 23:00,684098.7
1/27/2018 23:00,640199.2
1/28/2018 23:00,748686.4
1/29/2018 23:00,755205.7
1/30/2018 23:00,759331.2
1/31/2018 23:00,758744.6
2/1/2018 23:00,757150.4
2/2/2018 23:00,687186.9
2/3/2018 23:00,666235
2/4/2018 23:00,781783.7
2/5/2018 23:00,795801.7
2/6/2018 23:00,817591.5
2/7/2018 23:00,826559.5
2/8/2018 23:00,806692.7
2/9/2018 23:00,713105.6
2/10/2018 23:00,657465.5
2/11/2018 23:00,768592.2
2/12/2018 23:00,786847
2/13/2018 23:00,774020.9
2/14/2018 23:00,762286.1
2/15/2018 23:00,744832.6
2/16/2018 23:00,667132.1
2/17/2018 23:00,625412.1
2/18/2018 23:00,735183.1
2/19/2018 23:00,752104.9
2/20/2018 23:00,747564
2/21/2018 23:00,766464.6
2/22/2018 23:00,764558
2/23/2018 23:00,686867.1
2/24/2018 23:00,636464.3
2/25/2018 23:00,748056.8
2/26/2018 23:00,756225.2
2/27/2018 23:00,742063
2/28/2018 23:00,746079
3/1/2018 23:00,739004.5
3/2/2018 23:00,662478.5
3/3/2018 23:00,621166.3
3/4/2018 23:00,722001
3/5/2018 23:00,738534.4
3/6/2018 23:00,743962.7
3/7/2018 23:00,742454.8
3/8/2018 23:00,729920.4
3/9/2018 23:00,642326.1
3/10/2018 23:00,611931.8
3/11/2018 23:00,712628.4
3/12/2018 23:00,715069
3/13/2018 23:00,734138.5
3/14/2018 23:00,733746.1
3/15/2018 23:00,730391.4
3/16/2018 23:00,664958.7
3/17/2018 23:00,623694.5
3/18/2018 23:00,719969.6
3/19/2018 23:00,757420
3/20/2018 23:00,753610.4
3/21/2018 23:00,743100
3/22/2018 23:00,743052.6
3/23/2018 23:00,675804.5
3/24/2018 23:00,592981.5
3/25/2018 22:00,705453.1
3/26/2018 22:00,707227.8
3/27/2018 22:00,688760
3/28/2018 22:00,610612.1
3/29/2018 22:00,578852.2
3/30/2018 22:00,603691.8
3/31/2018 22:00,542557.9
4/1/2018 22:00,635489.7
4/2/2018 22:00,699155.9
4/3/2018 22:00,707858.2
4/4/2018 22:00,687919.1
4/5/2018 22:00,684167.5
4/6/2018 22:00,620501.9
4/7/2018 22:00,588175.4
4/8/2018 22:00,674785.3
4/9/2018 22:00,709924.7
4/10/2018 22:00,715492.1
4/11/2018 22:00,702668.9
4/12/2018 22:00,688495.4
4/13/2018 22:00,632725.4
4/14/2018 22:00,583564.2
4/15/2018 22:00,659727.8
4/16/2018 22:00,672903.8
4/17/2018 22:00,668839.9
4/18/2018 22:00,668168.9
4/19/2018 22:00,670563.3
4/20/2018 22:00,596945
4/21/2018 22:00,554582.5
4/22/2018 22:00,627278.6
4/23/2018 22:00,654452.6
4/24/2018 22:00,655109.5
4/25/2018 22:00,647333.5
4/26/2018 22:00,646991.9
4/27/2018 22:00,594402.9
4/28/2018 22:00,570723.3
4/29/2018 22:00,611200.9
4/30/2018 22:00,562351.7
5/1/2018 22:00,632883.2
5/2/2018 22:00,668521.5
5/3/2018 22:00,665197.1
5/4/2018 22:00,596192.2
5/5/2018 22:00,543476.9
5/6/2018 22:00,620756.9
5/7/2018 22:00,644179.4
5/8/2018 22:00,653508.7
5/9/2018 22:00,659560.7
5/10/2018 22:00,644632.9
5/11/2018 22:00,599959.4
5/12/2018 22:00,553100.3
5/13/2018 22:00,636038.4
5/14/2018 22:00,644794.9
5/15/2018 22:00,658741.9
5/16/2018 22:00,654694.4
5/17/2018 22:00,660671.8
5/18/2018 22:00,592393.4
5/19/2018 22:00,537817
5/20/2018 22:00,626483.5
5/21/2018 22:00,647879.1
5/22/2018 22:00,662885.7
5/23/2018 22:00,665091.2
5/24/2018 22:00,668553
5/25/2018 22:00,588711.7
5/26/2018 22:00,538444.8
5/27/2018 22:00,633780
5/28/2018 22:00,644807.6
5/29/2018 22:00,657728.3
5/30/2018 22:00,645222.4
5/31/2018 22:00,650281.6
6/1/2018 22:00,587691.1
6/2/2018 22:00,540864.9
6/3/2018 22:00,637203.7
6/4/2018 22:00,655295.3
6/5/2018 22:00,661636.8
6/6/2018 22:00,660310
6/7/2018 22:00,645744.3
6/8/2018 22:00,581813.9
6/9/2018 22:00,533597
6/10/2018 22:00,633207.7
6/11/2018 22:00,658123.3
6/12/2018 22:00,663731.3
6/13/2018 22:00,646784.6
6/14/2018 22:00,656109.3
6/15/2018 22:00,598019.5
6/16/2018 22:00,564281.6
6/17/2018 22:00,663046.7
6/18/2018 22:00,678224.6
6/19/2018 22:00,696612.5
6/20/2018 22:00,706847.7
6/21/2018 22:00,707139.7
6/22/2018 22:00,635081.1
6/23/2018 22:00,583241.1
6/24/2018 22:00,686881.7
6/25/2018 22:00,703395.9
6/26/2018 22:00,702092.5
6/27/2018 22:00,694717.6
6/28/2018 22:00,687086.5
6/29/2018 22:00,633771.1
6/30/2018 22:00,580689.9
7/1/2018 22:00,679075.5
7/2/2018 22:00,694543.4
7/3/2018 22:00,699103.2
7/4/2018 22:00,695570.8
7/5/2018 22:00,688217.3
7/6/2018 22:00,639401.9
7/7/2018 22:00,595280.7
7/8/2018 22:00,711572.1
7/9/2018 22:00,733411.1
7/10/2018 22:00,740821.4
7/11/2018 22:00,742076.4
7/12/2018 22:00,730947.9
7/13/2018 22:00,647241.3
7/14/2018 22:00,589390.2
7/15/2018 22:00,698487.5
7/16/2018 22:00,715700.6
7/17/2018 22:00,734104.8
7/18/2018 22:00,725915.8
7/19/2018 22:00,734920.4
7/20/2018 22:00,641827
7/21/2018 22:00,592285.5
7/22/2018 22:00,700401.2
7/23/2018 22:00,725940.6
7/24/2018 22:00,720887.1
7/25/2018 22:00,730892.6
7/26/2018 22:00,729117.4
7/27/2018 22:00,647052.2
7/28/2018 22:00,597653.8
7/29/2018 22:00,694648
7/30/2018 22:00,708319.1
7/31/2018 22:00,730679.5
8/1/2018 22:00,751115
8/2/2018 22:00,756928.1
8/3/2018 22:00,703015.8
8/4/2018 22:00,643572.7
8/5/2018 22:00,735319.4
8/6/2018 22:00,732759.5
8/7/2018 22:00,713707
8/8/2018 22:00,697596.5
8/9/2018 22:00,680054.9
8/10/2018 22:00,625144.9
8/11/2018 22:00,582802.2
8/12/2018 22:00,658113.1
8/13/2018 22:00,656758.1
8/14/2018 22:00,584316.7
8/15/2018 22:00,643177
8/16/2018 22:00,660961.4
8/17/2018 22:00,612521.2
8/18/2018 22:00,578080.3
8/19/2018 22:00,675969.7
8/20/2018 22:00,682595
8/21/2018 22:00,682912.4
8/22/2018 22:00,683895.8
8/23/2018 22:00,684188.3
8/24/2018 22:00,630582.3
8/25/2018 22:00,571056.6
8/26/2018 22:00,681442.9
8/27/2018 22:00,698881.9
8/28/2018 22:00,710736.2
8/29/2018 22:00,699120.9
8/30/2018 22:00,712272.3
8/31/2018 22:00,632017.7
9/1/2018 22:00,581731
9/2/2018 22:00,698899
9/3/2018 22:00,721238.5
9/4/2018 22:00,710548
9/5/2018 22:00,703729.6
9/6/2018 22:00,687414.9
9/7/2018 22:00,605378.3
9/8/2018 22:00,569380
9/9/2018 22:00,661366.4
9/10/2018 22:00,676922
9/11/2018 22:00,691787.3
9/12/2018 22:00,695221.8
9/13/2018 22:00,693740.8
9/14/2018 22:00,621284.2
9/15/2018 22:00,575804.5
9/16/2018 22:00,674157.1
9/17/2018 22:00,688724.7
9/18/2018 22:00,695629.5
9/19/2018 22:00,696589.8
9/20/2018 22:00,695325
9/21/2018 22:00,626742
9/22/2018 22:00,587777.7
9/23/2018 22:00,684450.2
9/24/2018 22:00,701621.7
9/25/2018 22:00,718526.2
9/26/2018 22:00,702468.4
9/27/2018 22:00,694770.1
9/28/2018 22:00,620415.8
9/29/2018 22:00,570379
9/30/2018 22:00,665672
10/1/2018 22:00,676136.6
10/2/2018 22:00,674916.1
10/3/2018 22:00,661085.5
10/4/2018 22:00,666207.1
10/5/2018 22:00,593270.4
10/6/2018 22:00,540944.3
10/7/2018 22:00,643035
10/8/2018 22:00,655582.1
10/9/2018 22:00,656438.8
10/10/2018 22:00,641320.1
10/11/2018 22:00,556220
10/12/2018 22:00,579325.1
10/13/2018 22:00,549961.5
10/14/2018 22:00,633007.8
10/15/2018 22:00,638313.8
10/16/2018 22:00,636651.8
10/17/2018 22:00,648894
10/18/2018 22:00,639105.1
10/19/2018 22:00,583598.9
10/20/2018 22:00,540806.7
10/21/2018 22:00,641755.8
10/22/2018 22:00,660053.5
10/23/2018 22:00,648707.1
10/24/2018 22:00,652249.8
10/25/2018 22:00,640731.3
10/26/2018 22:00,581722.4
10/27/2018 22:00,578753
10/28/2018 23:00,668660.9
10/29/2018 23:00,676119.8
10/30/2018 23:00,676231.7
10/31/2018 23:00,571942.2
11/1/2018 23:00,627860.2
11/2/2018 23:00,597407.9
11/3/2018 23:00,563281.7
11/4/2018 23:00,677638.3
11/5/2018 23:00,702392.7
11/6/2018 23:00,704401.6
11/7/2018 23:00,687658
11/8/2018 23:00,660520.3
11/9/2018 23:00,614431.4
11/10/2018 23:00,569407.6
11/11/2018 23:00,669656.8
11/12/2018 23:00,681256.5
11/13/2018 23:00,692971.2
11/14/2018 23:00,686835.3
11/15/2018 23:00,671507.9
11/16/2018 23:00,611657.2
11/17/2018 23:00,568718.6
11/18/2018 23:00,674977.6
11/19/2018 23:00,703811.6
11/20/2018 23:00,719100.9
11/21/2018 23:00,712368.1
11/22/2018 23:00,710996.3
11/23/2018 23:00,625322.3
11/24/2018 23:00,588791.2
11/25/2018 23:00,697420.3
11/26/2018 23:00,721354.5
11/27/2018 23:00,734391.2
11/28/2018 23:00,711439.6
11/29/2018 23:00,702207
11/30/2018 23:00,642247.2
12/1/2018 23:00,597570.6
12/2/2018 23:00,685913.4
12/3/2018 23:00,697872
12/4/2018 23:00,688046.4
12/5/2018 23:00,609466.9
12/6/2018 23:00,649482.1
12/7/2018 23:00,609660.8
12/8/2018 23:00,591087.6
12/9/2018 23:00,700153.2
12/10/2018 23:00,713930.4
12/11/2018 23:00,724397
12/12/2018 23:00,731645.7
12/13/2018 23:00,723897
12/14/2018 23:00,657183.1
12/15/2018 23:00,614771.8
12/16/2018 23:00,727126.8
12/17/2018 23:00,741257.1
12/18/2018 23:00,727532.5
12/19/2018 23:00,718927.8
12/20/2018 23:00,696422.1
12/21/2018 23:00,624097.1
12/22/2018 23:00,585545.9
12/23/2018 23:00,596095.6
12/24/2018 23:00,527281.8
12/25/2018 23:00,612702.5
12/26/2018 23:00,649103.9
12/27/2018 23:00,639571.2
12/28/2018 23:00,602541.7
12/29/2018 23:00,574254.2
12/30/2018 23:00,597701.2
